mfcc_0,mfcc_1,mfcc_2,mfcc_3,mfcc_4,mfcc_5,mfcc_6,mfcc_7,mfcc_8,mfcc_9,mfcc_10,mfcc_11,mfcc_12,zcr,spectral_centroid,rms,label
-402.1128234863281,158.4751739501953,-5.002913951873779,-21.7542667388916,0.38028642535209656,-20.265220642089844,-17.383317947387695,3.369999647140503,-4.2044758796691895,-9.349214553833008,-5.666586399078369,-3.1848533153533936,-6.045267105102539,0.04891813076036866,999.4544877671981,0.023663176223635674,1
-580.6635131835938,20.84874725341797,4.761321067810059,3.5169363021850586,0.038579221814870834,1.5105814933776855,-0.5861811637878418,0.11964835971593857,-1.0304934978485107,1.6086786985397339,-1.6931291818618774,2.207087516784668,-1.428459882736206,0.005269837269585254,205.0833777772798,0.010176287963986397,1
-398.08489990234375,164.83990478515625,18.99638557434082,26.09132957458496,-37.94243240356445,-1.7078120708465576,-6.052816867828369,-14.054759979248047,-4.339209079742432,-1.9164538383483887,-33.169063568115234,9.902820587158203,-4.138489246368408,0.05599708381336405,1179.7107440438751,0.021534135565161705,1
-576.1566162109375,183.55691528320312,6.65032434463501,-13.218832015991211,-20.25972557067871,-10.262044906616211,-18.497438430786133,-3.2189643383026123,-6.9805588722229,-8.418176651000977,-8.826560974121094,-0.0567195899784565,5.926019191741943,0.05062599006336405,982.1197580203709,0.0025746640749275684,1
-529.2035522460938,191.04421997070312,10.636088371276855,46.135074615478516,-0.35454702377319336,13.061847686767578,-0.13515350222587585,4.348083972930908,2.08819317817688,-1.6326003074645996,-0.10166928917169571,2.437509298324585,-1.1556545495986938,0.023255959535256412,676.628712058348,0.005146447103470564,1
-239.16629028320312,137.8687744140625,6.1749420166015625,-37.652732849121094,11.039260864257812,-7.017394542694092,-28.682456970214844,-9.164151191711426,-29.639318466186523,-11.015296936035156,-20.169660568237305,-10.746258735656738,-12.800349235534668,0.04493987615207373,1411.373227056082,0.07948626577854156,1
-429.028076171875,170.6595458984375,-42.18120574951172,-3.043916940689087,13.657264709472656,-16.54124641418457,-22.213214874267578,-10.606348991394043,-14.95963191986084,-5.2002363204956055,-5.83565092086792,0.8396347761154175,-0.25655850768089294,0.04196749912219101,1010.9955701851835,0.0133442934602499,1
-419.857421875,181.74632263183594,-49.96792984008789,-22.634429931640625,8.116353034973145,-14.654898643493652,-19.627893447875977,-3.673471689224243,-11.751761436462402,-3.7821285724639893,-1.0387167930603027,0.23392905294895172,-6.50273323059082,0.06872164818548387,1161.0006635139598,0.008850582875311375,1
-224.78564453125,147.7105255126953,-20.792293548583984,-44.476219177246094,22.81490707397461,-9.9155912399292,-32.391693115234375,-3.374598264694214,-25.16321563720703,-10.545677185058594,-26.01045036315918,-18.643369674682617,-17.6428165435791,0.04670173891129032,1320.252608717407,0.08860328793525696,1
-522.9412231445312,158.47804260253906,8.542404174804688,-10.765789031982422,-8.543429374694824,-4.216145992279053,-10.417476654052734,-5.061674118041992,-6.021961212158203,-4.351663589477539,-0.7638933658599854,2.7694215774536133,-0.9983572363853455,0.06099015336981567,1406.386221210195,0.0028581356164067984,1
-412.1229248046875,168.1862030029297,45.25944519042969,25.891921997070312,-28.60200309753418,-4.462406635284424,-6.318449020385742,-11.353610038757324,11.183597564697266,5.707351207733154,-31.810592651367188,7.266693592071533,-5.018034934997559,0.06404134864631336,1133.5409553789752,0.01758517697453499,1
-196.0998992919922,155.6129608154297,36.7926139831543,9.403560638427734,-9.410161018371582,3.8668270111083984,-5.811877727508545,-2.636009454727173,-4.561275959014893,13.044753074645996,-9.076051712036133,13.832989692687988,-11.853898048400879,0.04084461405529954,1102.0669776245497,0.12330224364995956,1
-263.4656677246094,140.56832885742188,36.34195327758789,-28.728660583496094,-19.344013214111328,-9.765623092651367,-11.409430503845215,-5.671914577484131,-1.8873820304870605,4.571563243865967,-9.31463623046875,8.606515884399414,-2.6962151527404785,0.05621534778225806,1509.379858304032,0.05270996317267418,1
-211.71092224121094,169.1404266357422,41.744510650634766,13.00565242767334,2.127328395843506,13.77644157409668,7.460008144378662,0.9626364707946777,2.068223237991333,12.537930488586426,-4.952701568603516,15.428182601928711,-2.865248203277588,0.02609717021889401,796.4033464148852,0.1725178360939026,1
-432.92523193359375,226.2640380859375,-64.21183776855469,-7.2886128425598145,20.861711502075195,-32.5414924621582,-10.368435859680176,-1.429847240447998,-14.705766677856445,-5.263264179229736,-2.3717598915100098,-4.781370162963867,-8.228976249694824,0.05581707229262673,924.3926260157264,0.015694286674261093,1
-451.3440246582031,143.2071533203125,4.487983226776123,-1.9149141311645508,-29.194299697875977,2.9612979888916016,-9.458056449890137,-19.59333610534668,-3.3751273155212402,3.313969373703003,-27.734695434570312,8.418972969055176,0.20680102705955505,0.04831959245391705,965.9577033332105,0.019518621265888214,1
-587.3092041015625,183.5954132080078,12.301719665527344,-10.585137367248535,-17.051790237426758,-4.750422954559326,-17.400836944580078,-7.946307182312012,-9.67864990234375,-3.051250696182251,-1.8969930410385132,1.7018232345581055,1.2071253061294556,0.04797307027649769,942.5284418112869,0.0023898095823824406,1
-404.718017578125,197.57020568847656,15.439358711242676,16.06796646118164,12.86674690246582,6.635061264038086,-0.5463867783546448,-1.5175663232803345,-0.48810335993766785,-2.7598719596862793,-0.7324801683425903,4.792067050933838,4.318155288696289,0.02925561179577465,638.77663188055,0.023820078000426292,1
-239.70521545410156,138.19320678710938,11.405844688415527,-37.94855499267578,5.306652069091797,-10.246313095092773,-30.084749221801758,-10.468484878540039,-29.371082305908203,-10.240567207336426,-21.098390579223633,-11.836251258850098,-11.782304763793945,0.04327822403169014,1398.99496662479,0.07752697169780731,1
-226.84906005859375,232.0146942138672,18.92127799987793,-11.91805362701416,39.03976821899414,19.00145149230957,2.8176162242889404,17.19461441040039,-1.8010737895965576,5.09544563293457,0.23111623525619507,4.520163059234619,-0.7721622586250305,0.01523891715116279,449.15482826448124,0.21677012741565704,1
-242.08985900878906,115.28972625732422,16.3298282623291,-25.637493133544922,-1.151413083076477,-6.939738750457764,-22.948368072509766,-8.18300724029541,-25.100589752197266,-10.040919303894043,-16.966049194335938,-9.877105712890625,-17.069499969482422,0.050353722638248846,1875.9819273560395,0.048628244549036026,1
-243.43360900878906,175.3187255859375,-47.604591369628906,1.4368226528167725,0.13725653290748596,2.466986894607544,-10.986321449279785,-7.312999725341797,-7.68943977355957,-5.010743141174316,-7.9680681228637695,-1.792869210243225,-6.065442085266113,0.06162019369239631,1167.8880151611984,0.07689476013183594,1
-581.8554077148438,174.1303253173828,4.2722086906433105,-9.735429763793945,-21.274452209472656,-11.919571876525879,-20.285873413085938,-6.099891662597656,-7.32987117767334,-5.659354209899902,-1.757568120956421,4.975122451782227,2.294451951980591,0.053,1026.8291137558706,0.002390628680586815,1
-380.8671569824219,179.46461486816406,19.322050094604492,13.762964248657227,-30.49252700805664,0.7388468980789185,-11.036381721496582,-20.828678131103516,-0.9910174012184143,-0.9788377285003662,-37.704811096191406,10.39508056640625,-2.1614081859588623,0.06079664098502304,1149.4364169434468,0.02908184565603733,1
-406.51934814453125,229.86692810058594,-101.3139419555664,17.35449981689453,1.8604636192321777,-45.319068908691406,13.452670097351074,-9.882892608642578,-16.676002502441406,-2.8671998977661133,-15.034680366516113,-3.253957509994507,-7.497092247009277,0.07053751440092165,1146.3716548501416,0.01471154484897852,1
-187.2116241455078,181.74191284179688,36.623046875,5.554996967315674,-10.083406448364258,10.215413093566895,3.8361237049102783,-0.23097039759159088,0.6330982446670532,16.125240325927734,-8.30983829498291,16.947481155395508,-4.350712299346924,0.027204241071428572,860.0922074933816,0.19141261279582977,1
-352.6777648925781,137.40362548828125,25.220094680786133,35.63125228881836,7.362918853759766,26.70966911315918,-19.004592895507812,8.342517852783203,7.021574974060059,17.47818946838379,-15.7337064743042,17.315946578979492,1.455030918121338,0.03740639400921659,1242.7555259216188,0.021384408697485924,1
-395.0637512207031,153.1759033203125,55.005943298339844,25.04273223876953,-18.67887306213379,4.609727382659912,9.16096305847168,-19.50827980041504,7.78753137588501,-0.6447101831436157,-20.417085647583008,8.99441909790039,-4.371918678283691,0.05029296875,958.562746359371,0.027215413749217987,1
-614.564453125,169.00738525390625,4.225821495056152,16.159343719482422,-3.757355213165283,19.12248420715332,-1.7742886543273926,-2.829636573791504,-14.094847679138184,8.142003059387207,7.493180751800537,6.609078884124756,-4.443939208984375,0.04311050907258065,1043.461421224699,0.0010762556921690702,1
-327.90960693359375,86.21173858642578,16.325716018676758,-17.084566116333008,7.0323262214660645,-9.456310272216797,-17.654132843017578,0.45235878229141235,-19.930322647094727,-2.3487331867218018,-11.359685897827148,-7.6572747230529785,-11.35606861114502,0.07831851238479262,2282.283247088145,0.017689887434244156,1
-299.2441101074219,205.11949157714844,2.485193967819214,-21.052396774291992,7.368424892425537,8.022716522216797,3.4234554767608643,-0.31301724910736084,-7.064663410186768,9.782588958740234,2.751713514328003,0.25901126861572266,13.569804191589355,0.044417842741935484,863.3284107930016,0.05095896124839783,1
-297.1343688964844,174.54103088378906,-19.20621109008789,-17.53034782409668,10.409683227539062,5.852934837341309,-4.918345928192139,10.1170072555542,-6.8454461097717285,10.567930221557617,3.5809216499328613,-4.598505973815918,20.493240356445312,0.06205925055309734,1161.4103538749985,0.03967106714844704,1
-258.7450256347656,100.1681900024414,18.090742111206055,-20.416969299316406,5.831085205078125,-10.243332862854004,-22.50783920288086,-1.70004141330719,-23.254093170166016,-6.3388776779174805,-15.697209358215332,-10.984636306762695,-14.472633361816406,0.07947283626152074,2477.97194722296,0.02436918206512928,1
-576.3096313476562,185.283935546875,8.179032325744629,15.083244323730469,-5.460611820220947,15.89697265625,-0.10974796116352081,0.963111400604248,-11.892035484313965,6.166109085083008,1.4369943141937256,1.3989022970199585,-6.138431549072266,0.04106287802419355,870.5249571434732,0.0026852653827518225,1
-403.8837890625,176.81561279296875,34.512542724609375,31.072206497192383,-24.13910675048828,10.235243797302246,-7.620112895965576,-21.63530158996582,-2.9855639934539795,7.034636497497559,-41.062374114990234,10.303177833557129,-6.6863508224487305,0.039811797955069124,962.8345111374415,0.02811242826282978,1
-369.2753601074219,127.79246520996094,28.319477081298828,42.97779846191406,-4.274346351623535,36.329994201660156,-22.121374130249023,-1.143079161643982,4.00190544128418,25.376239776611328,-20.29308319091797,16.27312660217285,8.928519248962402,0.0475653286637931,1461.0075330330408,0.015336920507252216,1
-360.5126037597656,224.24827575683594,-119.41961669921875,-1.7727534770965576,-1.1840966939926147,-55.52177429199219,3.2902283668518066,-4.421696662902832,-12.072786331176758,0.8330926895141602,-12.939590454101562,-8.303646087646484,-11.312247276306152,0.08440740207373272,1250.5933177244763,0.02403831109404564,1
-298.0292053222656,263.87677001953125,75.99433898925781,-12.853188514709473,-41.456092834472656,-21.595060348510742,-4.817440032958984,-6.350419998168945,-5.15584659576416,5.920328617095947,-6.85368537902832,12.151644706726074,-3.4524030685424805,0.043524380387931036,553.1315978193217,0.1471470594406128,1
-409.85870361328125,156.34115600585938,50.00858688354492,29.407726287841797,-15.02595329284668,7.178782939910889,5.986310005187988,-15.694976806640625,7.877238750457764,5.033042907714844,-18.672161102294922,14.745787620544434,-0.9909261465072632,0.0483263428859447,1016.0507806536201,0.021084586158394814,1
-430.1103515625,174.9253692626953,-10.018353462219238,20.154926300048828,-15.266302108764648,14.237027168273926,-8.956639289855957,0.3165716230869293,-9.58258056640625,-0.813673198223114,-7.13485860824585,-0.5872048735618591,-6.277568817138672,0.04041258640552996,1033.1483450803541,0.01208457164466381,1
-239.95484924316406,121.85982513427734,19.54949378967285,-27.233362197875977,-3.4181430339813232,-10.521048545837402,-25.03339195251465,-6.987806797027588,-23.799997329711914,-9.023591995239258,-15.626047134399414,-11.153014183044434,-16.8781681060791,0.049525669642857144,1743.396331156189,0.05531543120741844,1
-288.8262634277344,207.6826171875,-9.105926513671875,-30.950817108154297,8.137901306152344,8.188827514648438,-4.433620929718018,3.171203851699829,-7.133991718292236,5.162618637084961,4.524407386779785,-1.3327785730361938,11.155208587646484,0.0561118411578341,940.0574545476364,0.05314444750547409,1
-303.232177734375,226.7015380859375,-20.919485092163086,-39.11717987060547,13.935266494750977,0.1284639537334442,-0.30134087800979614,15.380346298217773,-12.009101867675781,7.132330894470215,6.327852725982666,-7.950965881347656,17.344301223754883,0.05547280025921659,897.1378139021889,0.04115738347172737,1
-251.75399780273438,109.71849822998047,19.552011489868164,-23.508337020874023,3.166177749633789,-10.604248046875,-23.06773567199707,-3.992705821990967,-25.245521545410156,-6.687549591064453,-15.620262145996094,-11.093658447265625,-15.205648422241211,0.058287730414746546,2105.659358231499,0.03916287049651146,1
-577.0986938476562,197.79806518554688,19.389114379882812,-9.716585159301758,-13.382612228393555,4.745659828186035,-0.8857141137123108,-7.676767349243164,-10.659276008605957,-4.507084369659424,-0.1926359236240387,-3.1216421127319336,-8.460046768188477,0.042181199596774195,766.2053078426011,0.004154715221375227,1
-396.7458190917969,125.5081558227539,66.28958129882812,34.998817443847656,-6.188833236694336,0.6322462558746338,2.089186429977417,-16.970680236816406,1.9079443216323853,-3.0771467685699463,-13.010272026062012,5.017368793487549,-9.554278373718262,0.056213097638248846,1075.5316234587187,0.03600229695439339,1
-252.38784790039062,198.2106475830078,44.67467498779297,-5.500059604644775,-2.670557737350464,12.04595947265625,4.020492076873779,-3.125241279602051,0.2740871012210846,8.181215286254883,0.4698701500892639,5.346864700317383,-2.613126039505005,0.033734158986175114,805.6062131526304,0.1240023523569107,1
-429.72491455078125,221.714599609375,-88.73787689208984,-19.319578170776367,15.598329544067383,-48.961891174316406,-15.84420108795166,4.921411037445068,-15.473628044128418,-1.07407808303833,-0.30645981431007385,-10.766999244689941,-5.67273473739624,0.06669729448891626,1085.314303751266,0.017298130318522453,1
-249.8033447265625,231.85870361328125,-39.5767936706543,-5.459792137145996,-13.907443046569824,-18.171815872192383,0.1418638974428177,-10.727646827697754,-19.50460433959961,15.884565353393555,-14.650397300720215,-11.620560646057129,-7.826244354248047,0.05430497551843318,838.0603999336422,0.08748726546764374,1
-432.7620544433594,175.8751678466797,-2.0298070907592773,-13.936911582946777,-6.546252250671387,11.523333549499512,-24.179288864135742,13.193984985351562,-21.036579132080078,11.169452667236328,-12.390294075012207,10.00129508972168,-11.59056568145752,0.04988119239631336,1082.4518070249824,0.013731679879128933,1
-417.4296569824219,196.97540283203125,-3.302856922149658,-24.459320068359375,1.5558844804763794,1.998164176940918,-24.147106170654297,9.620173454284668,-13.833914756774902,3.9345974922180176,-10.231637954711914,9.282628059387207,-8.643208503723145,0.04402406754032258,860.000447909956,0.02546810172498226,1
-243.96697998046875,237.80381774902344,-47.29444122314453,-6.741771221160889,-21.087722778320312,-12.533823013305664,0.9603852033615112,-7.497729778289795,-17.585689544677734,11.225425720214844,-21.234786987304688,-8.778475761413574,-8.054240226745605,0.0635170650921659,899.701573360959,0.07158520072698593,1
-227.76895141601562,217.80789184570312,-47.52288055419922,-2.596527338027954,-10.688051223754883,-9.729374885559082,1.597926139831543,-7.763641834259033,-22.746196746826172,1.9215017557144165,-12.57351303100586,4.592339515686035,7.545159816741943,0.06310303859447004,984.198614639701,0.07445990294218063,1
-203.14666748046875,131.79830932617188,2.3661000728607178,26.705276489257812,8.136543273925781,9.429994583129883,-6.376195907592773,-4.308843612670898,-3.837322473526001,-4.761926651000977,-2.563725709915161,1.0030914545059204,-5.310455799102783,0.048060825892857144,1447.3394454316226,0.0743907168507576,1
-240.13766479492188,236.69407653808594,-42.55952835083008,-13.562557220458984,-1.918096661567688,-0.8624187707901001,-3.2369868755340576,-0.8505289554595947,3.4494409561157227,-6.639427661895752,-1.5193703174591064,-1.0042203664779663,4.240898609161377,0.048036985759493674,797.6006154153309,0.1418166607618332,1
-402.23590087890625,147.07176208496094,-7.11890172958374,-10.263129234313965,8.22912311553955,-0.4086061716079712,-23.428010940551758,15.106019020080566,-7.681021213531494,2.9413347244262695,-13.221580505371094,6.597935199737549,-13.564717292785645,0.03508424539170507,1029.3633604750103,0.03006908670067787,1
-234.72232055664062,233.37063598632812,-52.95956039428711,-1.0683043003082275,-20.290489196777344,-13.731331825256348,1.0068572759628296,-12.996763229370117,-18.538555145263672,4.130067825317383,-19.41747283935547,-1.1411175727844238,1.5704500675201416,0.06337340448943662,925.7922076261176,0.07146312296390533,1
-215.0181121826172,222.6442108154297,-38.10877227783203,4.921724319458008,-2.6460964679718018,-11.83697509765625,3.9787490367889404,7.474724292755127,-9.102669715881348,8.018574714660645,-8.904862403869629,-1.4998663663864136,-0.893456220626831,0.04674899193548387,852.3207180415117,0.10614822059869766,1
-276.1763000488281,214.30886840820312,1.6760731935501099,-13.889236450195312,21.834312438964844,1.562119722366333,-16.69328498840332,-10.570690155029297,-4.258128643035889,-2.3471038341522217,-5.446194648742676,-1.8520853519439697,-14.219657897949219,0.038749729982718896,756.0797516019695,0.06451643258333206,1
-303.768798828125,199.71337890625,24.860977172851562,-16.625492095947266,3.7108399868011475,2.633028507232666,-11.058444023132324,-13.931401252746582,-4.4098591804504395,0.17582231760025024,-8.167009353637695,-6.985711574554443,-13.318415641784668,0.039438274049539174,785.5362233631122,0.04683142155408859,1
-403.1754150390625,152.6241912841797,-29.40681266784668,9.525424003601074,-5.9333176612854,-1.7454934120178223,-0.09443545341491699,4.13478422164917,-4.088143348693848,7.406722545623779,-4.952762603759766,0.8877921104431152,-3.2015116214752197,0.0355905277937788,593.1919844956042,0.040248800069093704,1
-227.0585174560547,217.2941436767578,-37.398658752441406,10.919809341430664,-0.9798543453216553,-8.370941162109375,1.3194501399993896,1.6739460229873657,-7.7600297927856445,11.037230491638184,-12.680769920349121,3.917694330215454,-1.6518150568008423,0.05232259864631336,915.347436322658,0.0750308409333229,1
-233.55821228027344,195.26873779296875,-15.966307640075684,8.977703094482422,13.347188949584961,-16.798168182373047,-13.066972732543945,-8.738673210144043,-16.100452423095703,-3.810443162918091,-1.6417322158813477,0.3915710747241974,-8.63853931427002,0.04622854313380282,928.1070804852565,0.07518426328897476,1
-444.6424255371094,163.70309448242188,-25.276222229003906,15.075752258300781,3.9568848609924316,-6.980229377746582,-29.945507049560547,3.7719757556915283,-24.607254028320312,21.468944549560547,-24.870071411132812,3.6029577255249023,-3.386824607849121,0.0345458984375,1167.351837551663,0.008801131509244442,1
-194.8959503173828,174.58700561523438,-24.805158615112305,24.393775939941406,-1.821926474571228,-14.589808464050293,-12.797110557556152,-14.029040336608887,-10.132096290588379,-12.147523880004883,-7.982268810272217,-0.05918820947408676,-8.46717643737793,0.04909364199308756,1087.6426209917363,0.08424387872219086,1
-209.79417419433594,220.06056213378906,-40.74801254272461,-0.6321249604225159,-15.560592651367188,-4.779560089111328,2.112903118133545,-2.888131856918335,-12.593744277954102,4.3318634033203125,-16.897724151611328,-3.0104167461395264,3.041461229324341,0.06129842309907834,954.0588931605062,0.08936427533626556,1
-448.6217956542969,162.12127685546875,-27.915531158447266,19.028762817382812,2.02767014503479,-3.2694363594055176,-28.81167221069336,2.1275861263275146,-25.193159103393555,15.667390823364258,-25.2153263092041,2.8683722019195557,-5.652394771575928,0.04282924107142857,1163.3496363059571,0.009455772116780281,1
-430.250732421875,177.28488159179688,-1.5850900411605835,-14.141409873962402,-7.543641567230225,11.164067268371582,-25.07904624938965,13.759039878845215,-21.716846466064453,10.46733283996582,-12.301051139831543,10.715652465820312,-11.821553230285645,0.04986994167626728,1072.0089924989952,0.014467116445302963,1
-433.36993408203125,154.01441955566406,-32.26055908203125,20.75821304321289,-0.3571081757545471,-0.17378120124340057,-23.423341751098633,0.09689420461654663,-19.97929573059082,9.275538444519043,-22.7404842376709,1.7099162340164185,-9.057488441467285,0.038159294307511735,1133.8813384880586,0.013825418427586555,1
-239.00396728515625,80.72046661376953,-6.118021488189697,33.86231994628906,8.384157180786133,20.48714256286621,-2.8729248046875,5.542593955993652,3.510385274887085,-11.931225776672363,9.644515037536621,7.688943862915039,15.229233741760254,0.05378670528017242,1575.9733134932756,0.08821820467710495,1
-236.71580505371094,179.43299865722656,-59.30120849609375,30.075645446777344,-13.836092948913574,2.6373982429504395,2.4443869590759277,-5.998646259307861,12.254849433898926,3.505711317062378,11.384243965148926,-0.45595309138298035,-11.745577812194824,0.06308703476123595,1128.9713109666473,0.07832670956850052,1
-200.5329132080078,179.04067993164062,-68.23406219482422,38.64690017700195,-12.839913368225098,8.561904907226562,2.938938617706299,-12.413497924804688,10.531815528869629,2.0634384155273438,8.923397064208984,-4.312448978424072,-9.895252227783203,0.08014787946428571,1273.6360549075443,0.09000933915376663,1
-265.9624938964844,148.0940399169922,-68.245849609375,56.96129608154297,6.53456974029541,-12.994606018066406,-13.926182746887207,-22.085847854614258,6.472841262817383,-7.654452800750732,-0.9019652605056763,-0.14668801426887512,-1.9450825452804565,0.0664737543202765,1369.551588629075,0.05911927670240402,1
-334.6280517578125,188.7311553955078,45.31856155395508,-2.844878911972046,-7.907876491546631,-4.723968505859375,-2.12374210357666,-5.086585521697998,-4.274317741394043,-4.970172882080078,-7.886350154876709,-5.572739124298096,-12.399555206298828,0.033610026041666664,788.8123396720512,0.02973398007452488,1
-416.11932373046875,196.18545532226562,-4.401000499725342,-24.611011505126953,2.708711624145508,1.1416316032409668,-24.293949127197266,10.251225471496582,-12.37440299987793,4.050659656524658,-11.354427337646484,9.072651863098145,-8.433866500854492,0.04278873847926267,861.5883305890807,0.026064718142151833,1
-378.4745178222656,165.081298828125,-66.11134338378906,33.77020263671875,-4.306373596191406,-8.196598052978516,-15.769787788391113,0.42396292090415955,-7.873007297515869,15.698399543762207,-20.098278045654297,-2.9796271324157715,-5.5981879234313965,0.056150093605990783,1263.5483410314769,0.01645916886627674,1
-353.6006774902344,149.5356903076172,-59.1760368347168,46.55888366699219,-14.518139839172363,-1.6192468404769897,-20.445798873901367,-1.1265331506729126,-20.80856704711914,6.951681137084961,-24.09048080444336,-1.744973063468933,-9.0926513671875,0.06326729910714286,1473.5199982302256,0.01493642758578062,1
-238.0062713623047,181.12388610839844,-78.06929779052734,12.896912574768066,-22.01348114013672,-10.59103775024414,12.735294342041016,-12.234999656677246,-4.4457831382751465,7.561599254608154,-1.1380531787872314,2.587458610534668,-7.3563337326049805,0.07752646169354839,1331.67207864644,0.07715562731027603,1
-164.38743591308594,166.46591186523438,-44.625362396240234,9.028834342956543,-4.418109893798828,-2.9589128494262695,-6.874060153961182,-5.4585442543029785,0.34930914640426636,-0.39686527848243713,-13.403396606445312,11.996946334838867,-12.367579460144043,0.07469291907514451,1337.0188102785482,0.10797499865293503,1
-374.1473083496094,168.16226196289062,-65.46112823486328,33.53193283081055,-4.037456512451172,-8.444659233093262,-16.631620407104492,0.34157684445381165,-8.54140567779541,16.501916885375977,-20.623449325561523,-2.7885348796844482,-6.018075466156006,0.057209911434331795,1276.649084239403,0.016351381316781044,1
-384.2305603027344,150.9439697265625,-8.425616264343262,-9.200631141662598,8.774446487426758,-0.19605152308940887,-25.129291534423828,16.70375633239746,-8.526397705078125,2.6545252799987793,-13.753881454467773,7.33083438873291,-14.395613670349121,0.036903505067567566,1093.356022461455,0.03269167244434357,1
-355.60540771484375,150.14572143554688,-58.28291320800781,46.11152267456055,-14.277827262878418,-1.652666449546814,-20.121503829956055,-1.3572642803192139,-20.756772994995117,7.090357780456543,-23.97376251220703,-1.7142497301101685,-9.265738487243652,0.0625135008640553,1457.35084458057,0.01488020271062851,1
-244.37753295898438,220.67039489746094,-33.24617004394531,-5.717841625213623,-9.91931438446045,-10.675443649291992,-3.3761990070343018,-6.174108505249023,-18.792152404785156,12.97243595123291,-7.331076145172119,-6.152648448944092,-7.456481456756592,0.05095451108870968,855.6752966002732,0.08536247909069061,1
-237.4131317138672,85.80695343017578,-27.417936325073242,69.3433609008789,23.828514099121094,31.776641845703125,6.044180393218994,-0.8519276976585388,12.893486976623535,-20.622304916381836,24.358020782470703,-0.7013715505599976,18.24678611755371,0.07190560195852534,1699.0567561679595,0.08221045136451721,1
-240.31369018554688,159.75367736816406,-69.40165710449219,48.566410064697266,10.868696212768555,-4.765921592712402,-3.1719298362731934,-10.77593994140625,9.910141944885254,-11.878560066223145,-3.0198299884796143,-4.915283679962158,-12.145073890686035,0.052599366359447,1197.4959905382595,0.08711346983909607,1
-292.3487548828125,226.9610137939453,-106.3181381225586,21.127901077270508,12.394676208496094,-27.37860870361328,1.165021538734436,-12.364095687866211,-7.392953872680664,-9.125110626220703,-9.24434757232666,-5.885782241821289,-2.560781478881836,0.07883379536290322,1193.2202806681248,0.04784972593188286,1
-200.57669067382812,81.89730072021484,-21.08645248413086,75.4437484741211,12.449423789978027,29.520187377929688,14.906866073608398,5.251752853393555,29.849945068359375,-24.11564826965332,29.701858520507812,-1.0565955638885498,33.18935775756836,0.07631138392857142,1841.0710749122265,0.1216001883149147,1
-246.65147399902344,233.2355499267578,-42.02613067626953,-14.364944458007812,-2.3911826610565186,-4.2073163986206055,-9.539433479309082,2.703245162963867,-16.513214111328125,12.553664207458496,-5.2118120193481445,-17.231935501098633,-4.316798210144043,0.055826062353971966,916.5729274703876,0.07671404629945755,1
-395.5650939941406,170.7674102783203,13.694198608398438,-1.2472165822982788,14.829445838928223,4.35390567779541,-7.799607753753662,-5.237756252288818,-0.8575801849365234,-9.721835136413574,-13.19975471496582,-4.856017112731934,-4.259236812591553,0.03643658194124424,783.9566507081869,0.030245179310441017,1
-304.43621826171875,102.80872344970703,-14.729869842529297,46.14221954345703,-10.481167793273926,18.32001304626465,0.0662989467382431,10.251579284667969,0.030865788459777832,6.556206226348877,8.22356128692627,5.07648229598999,-1.868165373802185,0.08119869671658986,1923.20178810492,0.019825372844934464,1
-268.8796081542969,108.69970703125,-10.310153007507324,46.26311492919922,-13.06203556060791,18.952495574951172,-7.127531051635742,7.835143089294434,2.5071582794189453,11.31544303894043,11.970507621765137,4.757943153381348,-3.3486173152923584,0.08951522897465437,2009.4382183451855,0.02079886756837368,1
-325.873046875,180.73463439941406,-21.9974308013916,12.091108322143555,28.173337936401367,-12.81292724609375,-12.745424270629883,1.6780147552490234,-0.6075384616851807,-9.718653678894043,-13.769686698913574,-9.975655555725098,-1.4449201822280884,0.04057459677419355,850.2646175452147,0.05101597681641579,1
-278.30145263671875,70.36338806152344,20.152061462402344,37.302398681640625,-22.813182830810547,31.80499267578125,-31.6591854095459,31.910486221313477,-31.36964225769043,24.59855842590332,-21.04526138305664,18.63983154296875,-19.608240127563477,0.2189338981331169,3711.5532000002945,0.022058555856347084,1
-203.29981994628906,166.78927612304688,-88.0398941040039,32.29256057739258,-27.962209701538086,17.897144317626953,-35.453800201416016,-8.96371841430664,4.191508769989014,-11.230765342712402,3.2595267295837402,-13.931561470031738,-3.133946657180786,0.11514661938364056,1707.9054960196793,0.050169654190540314,1
-235.9697265625,125.31543731689453,-40.02147674560547,34.75847244262695,-7.995842933654785,15.425941467285156,-23.034000396728516,0.477034330368042,-1.390169382095337,7.5898284912109375,-7.927985191345215,0.6076575517654419,6.84218168258667,0.13734429003456222,1923.1374685622527,0.05276026576757431,1
-145.489501953125,152.04721069335938,-32.94316101074219,40.194000244140625,-9.453583717346191,31.995752334594727,-26.933252334594727,18.209270477294922,0.6531044244766235,11.711427688598633,-9.144350051879883,13.645163536071777,1.7174845933914185,0.07091103830645161,1414.9033430728505,0.11016717553138733,1
-191.89549255371094,161.97630310058594,-102.7978286743164,65.8071517944336,-43.093589782714844,21.94643783569336,-22.94558334350586,-10.333687782287598,6.005616188049316,-18.434741973876953,6.286717891693115,-13.125335693359375,2.0492537021636963,0.12037820420506913,1854.4814559938864,0.057658981531858444,1
-286.12359619140625,82.30089569091797,17.61341667175293,35.07567596435547,-27.76658821105957,34.18478012084961,-33.26367950439453,29.731637954711914,-34.26498031616211,26.06191635131836,-23.977901458740234,16.733280181884766,-22.79031753540039,0.17937022969470046,3453.1325962474166,0.017015090212225914,1
-373.5374755859375,102.84259033203125,30.613632202148438,14.478081703186035,-15.607772827148438,25.869216918945312,-12.307112693786621,25.72626304626465,-6.051877975463867,27.471900939941406,-2.3071107864379883,18.994518280029297,-9.389774322509766,0.05782420074884793,1974.7482824529964,0.01978830248117447,1
-430.4480895996094,171.97926330566406,44.45237350463867,44.50510025024414,-21.177114486694336,1.5023895502090454,-6.276268482208252,-6.499048233032227,-15.909673690795898,4.554196357727051,-34.59242630004883,12.075736045837402,5.431822776794434,0.03566504726890756,887.1344974447716,0.019181258976459503,1
-261.703125,87.92680358886719,-29.366519927978516,25.810375213623047,-21.634275436401367,19.590980529785156,-23.3546142578125,5.2233123779296875,-4.07632303237915,-1.7578139305114746,8.828104019165039,-4.645893573760986,1.1352832317352295,0.09568287370391705,1850.0574904472207,0.05838277190923691,1
-203.21043395996094,114.93245697021484,-54.51499557495117,55.3100471496582,-18.614524841308594,24.17923355102539,-24.303071975708008,15.431903839111328,-0.7879367470741272,15.287433624267578,-6.865127086639404,4.509126663208008,4.9210710525512695,0.17271430371543778,2278.3632831975037,0.06645730137825012,1
-141.00013732910156,91.99805450439453,-57.5903205871582,63.590309143066406,-35.425086975097656,29.900053024291992,-37.28936004638672,22.073139190673828,-3.9667484760284424,17.438669204711914,-14.455185890197754,2.0875918865203857,0.6079132556915283,0.20607718894009217,2783.5592346624016,0.08518453687429428,1
-195.51536560058594,156.6981964111328,-70.01885223388672,35.96831512451172,-31.643964767456055,19.879383087158203,-19.426544189453125,-2.323417901992798,-3.7131359577178955,-13.040923118591309,1.4678245782852173,-13.184676170349121,2.273442268371582,0.08167572724654378,1618.0362531309972,0.06849008053541183,1
-418.04815673828125,128.4801025390625,27.75311851501465,62.63594436645508,-10.031028747558594,8.83051872253418,-5.691466808319092,-7.502875804901123,-5.583110332489014,12.522726058959961,-22.47349739074707,11.615189552307129,-8.681321144104004,0.057092903945852536,1473.4113921854878,0.012443807907402515,1
-301.1006164550781,91.21639251708984,15.739413261413574,28.37369728088379,-27.257204055786133,35.93467330932617,-28.922910690307617,28.55426597595215,-28.57018280029297,30.18860626220703,-15.459033012390137,21.53692054748535,-20.38081932067871,0.15877466157834103,3061.5289690129002,0.017328310757875443,1
-267.0140686035156,102.80166625976562,-31.574295043945312,21.51393699645996,-14.063989639282227,-11.528564453125,-10.661213874816895,-7.609642028808594,-5.120946884155273,2.544583320617676,-2.630797863006592,11.937110900878906,1.1400779485702515,0.06133892569124424,1641.8072823400669,0.04587139934301376,1
-187.17166137695312,178.9386749267578,-32.70526885986328,-18.86187744140625,16.330013275146484,-4.851481914520264,-8.571171760559082,3.2475945949554443,-15.05097770690918,-5.805573463439941,-12.383339881896973,-8.946895599365234,-11.549307823181152,0.058384486607142856,1123.5860435722602,0.1423109620809555,1
-216.800537109375,169.12876892089844,-63.232086181640625,31.820152282714844,-8.631682395935059,-0.5301721692085266,-15.078319549560547,20.742769241333008,-1.7316266298294067,16.695512771606445,-4.5167646408081055,16.783414840698242,4.068915843963623,0.08576448695866142,1388.5623840617016,0.053095173090696335,1
-215.80752563476562,155.79098510742188,-37.75164794921875,-47.018280029296875,12.537301063537598,-15.404535293579102,-28.82370948791504,-6.069555282592773,-28.214447021484375,-11.475996971130371,-22.281892776489258,-16.693574905395508,-22.036584854125977,0.06016435051843318,1222.0546646327311,0.10868650674819946,1
-311.8028259277344,145.93553161621094,-67.2113037109375,14.076591491699219,-8.111018180847168,11.58069133758545,-37.033477783203125,3.1497387886047363,-10.175542831420898,-18.466419219970703,5.61996603012085,-4.395684719085693,8.163810729980469,0.08626953125,1317.6070934454492,0.03386908024549484,1
-510.9140625,66.5027847290039,-16.766788482666016,15.661832809448242,-3.6644866466522217,-3.0099644660949707,-5.054923057556152,-3.3200199604034424,-0.47928595542907715,2.7504680156707764,1.2595202922821045,6.1686577796936035,3.3535995483398438,0.027509416852678572,994.9700363138654,0.01685105264186859,1
-283.10601806640625,123.23989868164062,-12.011923789978027,20.854236602783203,5.377405166625977,1.0794007778167725,-4.5298662185668945,1.2571048736572266,-4.2762627601623535,0.9904457926750183,1.1410765647888184,-0.5871191620826721,-0.473347932100296,0.021222370426829267,711.4689194139138,0.1394968032836914,1
-164.16041564941406,105.5667724609375,-70.89289093017578,58.294212341308594,-34.23306655883789,24.147464752197266,-29.1101131439209,23.735811233520508,-1.4727507829666138,8.621087074279785,-6.196664810180664,0.35302025079727173,0.4751185476779938,0.1820096486175115,2510.1961506730613,0.0710153728723526,1
-217.8765411376953,140.8101043701172,-77.2680892944336,47.64838409423828,-16.379623413085938,2.2593727111816406,-9.881180763244629,14.826372146606445,-6.810912609100342,4.644993782043457,-5.207772731781006,7.525998592376709,3.024899482727051,0.11817781690140845,1863.9166953575814,0.055296722799539566,1
-140.0265655517578,185.0852508544922,-45.68768310546875,37.83893585205078,-5.602005958557129,6.490048408508301,-8.493739128112793,9.752997398376465,-1.957698941230774,7.773283004760742,4.19559383392334,0.01699787750840187,1.7914985418319702,0.05500927059331797,1093.6683632825923,0.14226987957954407,1
-218.53579711914062,46.52739715576172,39.12247085571289,16.134288787841797,36.06244659423828,-6.762750625610352,18.929237365722656,15.150208473205566,3.537317991256714,0.6984918117523193,12.2789945602417,10.969319343566895,-8.066367149353027,0.08279404881912443,3960.861916642851,0.09472452104091644,0
-69.95635223388672,110.3713150024414,-32.40235900878906,0.2798793911933899,-4.857909679412842,-2.3987154960632324,-9.305646896362305,-4.6681952476501465,-9.324119567871094,-4.097605228424072,-9.010833740234375,-3.891218423843384,-2.5730059146881104,0.11371327764976959,2114.689892591981,0.08872925490140915,0
-287.2414245605469,64.59211730957031,45.68867492675781,45.257686614990234,20.85223388671875,21.584510803222656,15.68502140045166,19.02635383605957,4.6001200675964355,6.734426975250244,5.388981819152832,8.886099815368652,2.9278247356414795,0.03732088853686636,2458.1658281975774,0.03425939008593559,0
-67.8428726196289,110.95337677001953,-33.845481872558594,-0.7952137589454651,-3.1838364601135254,-3.916239023208618,-8.586111068725586,-3.999843120574951,-8.514324188232422,-3.6771860122680664,-8.770221710205078,-3.0570552349090576,-3.6186563968658447,0.11258595550115208,2097.8133671257715,0.0913335457444191,0
-462.8825988769531,40.967254638671875,-11.601805686950684,-0.31818726658821106,-1.7596813440322876,-1.4475116729736328,-4.319430351257324,-1.9987094402313232,-3.495037794113159,-1.4324232339859009,-3.4138972759246826,-1.2960156202316284,-2.0062429904937744,0.04136842937138728,845.2162361676361,0.03205668181180954,0
-65.91305541992188,108.17556762695312,-33.60022735595703,0.043482933193445206,-4.077001094818115,-4.186568260192871,-9.682696342468262,-4.789705276489258,-9.570853233337402,-3.662810802459717,-8.818385124206543,-3.6978487968444824,-4.20762825012207,0.11764427923387097,2151.7542574261643,0.09105276316404343,0
-71.4609146118164,109.4728012084961,-30.422283172607422,1.737159013748169,-3.024282455444336,-5.402200698852539,-9.70398998260498,-3.824354410171509,-9.679657936096191,-3.740607261657715,-8.328136444091797,-3.3333094120025635,-3.502612352371216,0.11436806955645161,2128.717889185645,0.08685576915740967,0
-286.533203125,67.59895324707031,44.597625732421875,46.571895599365234,21.569271087646484,21.69296646118164,14.315768241882324,19.507328033447266,5.740511894226074,5.727966785430908,5.3890767097473145,9.275076866149902,2.3266634941101074,0.031802771226415096,2275.58004745665,0.03514191508293152,0
-210.16476440429688,49.789344787597656,40.453758239746094,13.0656099319458,37.07197570800781,-8.39577579498291,19.93820571899414,15.132814407348633,1.2174931764602661,-1.3266831636428833,10.588274955749512,9.621143341064453,-10.708176612854004,0.09043553787442396,4149.53036955871,0.08380376547574997,0
-214.22076416015625,44.8695182800293,30.32088851928711,14.691019058227539,41.32387924194336,-10.897785186767578,12.07630729675293,19.107513427734375,7.583070278167725,-3.4781408309936523,4.771986961364746,18.821622848510742,-9.063737869262695,0.1016175176056338,4191.916248242977,0.0807727724313736,0
-50.638633728027344,82.03523254394531,-8.230830192565918,2.5848329067230225,-17.478002548217773,-9.151500701904297,-17.255586624145508,-8.172271728515625,-12.974617004394531,-4.8365960121154785,-11.72415542602539,-4.835868835449219,-9.747076988220215,0.13597935267857142,2753.0466226249728,0.09318594634532928,0
-217.9984588623047,38.615257263183594,39.3820915222168,10.681031227111816,38.9742431640625,-10.320501327514648,17.940706253051758,14.873098373413086,3.6432526111602783,0.4398682713508606,10.84386920928955,13.74717903137207,-9.340747833251953,0.09773500504032258,4520.780956638822,0.09006043523550034,0
-217.30545043945312,45.91582489013672,25.206951141357422,17.765132904052734,40.00899887084961,-8.998486518859863,10.627259254455566,19.41335105895996,6.675841808319092,-3.4286704063415527,6.761661529541016,19.512292861938477,-9.192537307739258,0.09527559763824885,4005.443428184453,0.07299801707267761,0
-66.94071197509766,108.21289825439453,-33.5020637512207,0.43327468633651733,-4.072947025299072,-4.2565388679504395,-9.680872917175293,-4.694610595703125,-10.169153213500977,-3.7383873462677,-8.853365898132324,-4.168875694274902,-4.1627068519592285,0.1174710181451613,2152.7341385636255,0.08986491709947586,0
-69.00812530517578,111.1012954711914,-32.33267593383789,0.41802844405174255,-2.954575300216675,-3.358248710632324,-9.54634952545166,-4.0950751304626465,-8.72092342376709,-3.363356590270996,-8.41530990600586,-2.5588860511779785,-2.5961644649505615,0.11383928571428571,2095.517137083502,0.09106825292110443,0
-68.99017333984375,109.45304870605469,-33.31318664550781,-0.7988107204437256,-4.668664455413818,-3.43375825881958,-9.328100204467773,-3.4625542163848877,-8.57707691192627,-3.747833013534546,-8.760607719421387,-2.560349702835083,-3.3915534019470215,0.11596565067488263,2122.1381212789042,0.08936785906553268,0
-217.2628936767578,42.60083770751953,26.313188552856445,15.945024490356445,41.738792419433594,-10.254878044128418,12.043375015258789,21.188547134399414,8.196243286132812,-3.035388231277466,6.19627046585083,21.8917179107666,-7.887649059295654,0.08836765552995392,4020.329847201129,0.08855900913476944,0
-219.94093322753906,40.460601806640625,40.31839370727539,10.270438194274902,37.598670959472656,-10.011908531188965,19.499897003173828,13.266043663024902,3.1835885047912598,2.72520112991333,11.044069290161133,13.103815078735352,-8.511698722839355,0.09692270305299538,4537.026235547782,0.0829305425286293,0
-56.57249069213867,86.73756408691406,-8.837845802307129,2.1740787029266357,-20.483898162841797,-10.682412147521973,-17.182193756103516,-8.976747512817383,-13.524114608764648,-6.152851581573486,-12.00989818572998,-4.910983085632324,-8.944108963012695,0.12559853830645162,2611.959281077408,0.09311770647764206,0
-68.80372619628906,109.33719635009766,-33.013240814208984,0.7354008555412292,-5.004110813140869,-3.0735421180725098,-8.683189392089844,-4.067989349365234,-9.442261695861816,-4.190824508666992,-8.804213523864746,-3.9669156074523926,-2.7456555366516113,0.11533788162442396,2131.577038682553,0.08864416182041168,0
-68.14313507080078,108.55897521972656,-33.388179779052734,0.6541870832443237,-4.023015975952148,-4.359039783477783,-9.108282089233398,-3.9603943824768066,-8.412327766418457,-2.747520685195923,-7.808572292327881,-2.3292396068573,-3.8515141010284424,0.11887735815092165,2153.47671191522,0.08785462379455566,0
-68.48426055908203,107.95420837402344,-33.44449234008789,-0.45476844906806946,-5.185230731964111,-4.04076623916626,-8.644969940185547,-3.765209197998047,-8.69393539428711,-4.406798839569092,-9.340533256530762,-2.6777844429016113,-2.641920328140259,0.11795704925115208,2155.8911824306083,0.0883534625172615,0
-71.23900604248047,109.41085815429688,-30.965423583984375,1.5108402967453003,-2.9092814922332764,-5.022195339202881,-9.566423416137695,-3.991777181625366,-9.811477661132812,-3.9507358074188232,-8.221938133239746,-3.3028104305267334,-3.442638397216797,0.11404179867511521,2131.687960933882,0.0865291878581047,0
-220.11611938476562,56.198814392089844,17.521833419799805,27.076814651489258,35.04201889038086,-2.591005325317383,7.046634197235107,22.375524520874023,6.7618889808654785,-4.379923343658447,6.875362873077393,18.228132247924805,-6.490323066711426,0.07127989289906103,3133.241526605964,0.0734381303191185,0
-197.92642211914062,64.61235809326172,34.133060455322266,18.12162971496582,33.886993408203125,-2.5483458042144775,17.329036712646484,16.586271286010742,-0.8657467365264893,-4.758403778076172,9.76360034942627,8.470059394836426,-11.629353523254395,0.07363877274061033,3279.5483522842605,0.10108160972595215,0
-54.96120834350586,83.75996398925781,-7.315397262573242,6.756706714630127,-15.609950065612793,-7.760844707489014,-15.842620849609375,-7.495512008666992,-10.993624687194824,-3.7660346031188965,-9.83726692199707,-2.6383426189422607,-7.990757942199707,0.13492988551267282,2718.7825685005446,0.08884797245264053,0
-218.30308532714844,46.95148849487305,25.61772346496582,19.55951690673828,40.915130615234375,-7.536415100097656,10.238041877746582,21.063566207885742,8.252264022827148,-2.615490674972534,5.621967792510986,21.101125717163086,-6.989834785461426,0.07702017929147466,3721.7206927988614,0.09179669618606567,0
-219.29420471191406,51.1218147277832,24.589344024658203,23.599605560302734,37.25005340576172,-5.194640636444092,11.434950828552246,19.154813766479492,7.0110368728637695,-4.640069007873535,10.023241996765137,15.597807884216309,-5.319777011871338,0.07441901281682027,3371.3254052932193,0.09029287099838257,0
-67.63294982910156,110.21289825439453,-32.75374984741211,-0.8616856932640076,-4.0042924880981445,-4.370870590209961,-9.287275314331055,-4.0053300857543945,-9.40498161315918,-3.2725183963775635,-8.659271240234375,-3.6144471168518066,-3.8172595500946045,0.11444457445276497,2116.4057065772968,0.09061836451292038,0
-68.64871978759766,111.00889587402344,-31.585371017456055,0.1517140418291092,-4.828638076782227,-3.8761250972747803,-9.023863792419434,-4.001398086547852,-8.229241371154785,-2.0705032348632812,-7.719396591186523,-3.325179100036621,-3.8231685161590576,0.11207067252304148,2086.61539641106,0.09244758635759354,0
-64.97244262695312,109.26667022705078,-30.89870834350586,0.5177415609359741,-5.185040473937988,-2.7682418823242188,-9.762767791748047,-3.4841766357421875,-9.5234956741333,-3.1715149879455566,-8.111753463745117,-3.8206374645233154,-3.099263906478882,0.11350361282276995,2136.682875538941,0.09282758086919785,0
-291.0997619628906,73.25145721435547,44.89986801147461,44.30689239501953,20.150463104248047,22.074966430664062,15.113842010498047,20.393104553222656,5.12880277633667,6.41898250579834,3.7573623657226562,9.1528902053833,1.3237682580947876,0.03238632272465438,2182.0053140813634,0.036189962178468704,0
-67.42127990722656,108.6971664428711,-33.00962448120117,-0.1622752547264099,-4.135231971740723,-4.0252790451049805,-9.806057929992676,-4.581982612609863,-9.016701698303223,-3.660961389541626,-8.738729476928711,-3.495074510574341,-4.32244873046875,0.1164631015258216,2140.749673388716,0.0900721475481987,0
-216.0215606689453,59.09800720214844,26.98733901977539,25.988935470581055,31.54497528076172,-4.14901876449585,13.60888671875,19.732938766479492,1.2203375101089478,-4.214975833892822,12.814984321594238,9.255888938903809,-9.006697654724121,0.07625963061635944,3117.1147865157845,0.0817028358578682,0
-219.126220703125,48.629798889160156,24.02830696105957,20.39872169494629,38.962921142578125,-5.5532989501953125,11.249944686889648,20.927162170410156,7.98162317276001,-2.631307363510132,5.789788246154785,18.87070083618164,-5.877284049987793,0.0758613551267281,3624.0648599310416,0.08784779906272888,0
-98.68315887451172,106.03216552734375,5.952432155609131,33.75153350830078,-6.455443859100342,-3.2567758560180664,-22.58946990966797,-4.341899394989014,-12.294814109802246,-5.857411861419678,-11.736597061157227,-10.9360933303833,-10.56628704071045,0.07684691820276497,1982.898578248211,0.10749922692775726,0
-117.51422882080078,112.31048583984375,-4.789156436920166,30.725194931030273,-8.836915969848633,-2.367050886154175,-19.38977813720703,-4.582245826721191,-12.573918342590332,-4.93058967590332,-10.493325233459473,-6.353007793426514,-8.600739479064941,0.08620076684907835,1940.9561509460204,0.0862213596701622,0
-246.61500549316406,49.375850677490234,15.32297134399414,91.8020248413086,9.016353607177734,17.156457901000977,14.078792572021484,19.47262954711914,6.890704154968262,9.452648162841797,-2.236165761947632,10.940447807312012,0.5745985507965088,0.1118974114343318,2458.1554310521915,0.04881870746612549,0
-324.2996826171875,57.34267807006836,10.832074165344238,102.5539779663086,11.324715614318848,5.1555657386779785,29.70431900024414,17.772789001464844,4.924720287322998,9.194141387939453,6.457679271697998,11.256149291992188,-1.3105274438858032,0.09483231926843318,2081.808589836825,0.034798674285411835,0
-256.400390625,57.768394470214844,10.705427169799805,94.203125,13.330080032348633,8.979982376098633,12.248205184936523,24.01331329345703,8.568655014038086,3.360853433609009,-1.3587889671325684,13.996991157531738,0.08057238161563873,0.10282483078917051,2253.016157880085,0.048810526728630066,0
-108.48693084716797,101.93770599365234,-3.643636465072632,27.876012802124023,-9.17008113861084,-2.811643600463867,-19.229652404785156,-2.858692169189453,-10.63812255859375,-4.255773544311523,-9.101309776306152,-6.7993364334106445,-7.296032428741455,0.10705060123847926,2208.9671866751264,0.07802075147628784,0
-99.18292999267578,101.63211059570312,5.528178691864014,32.581424713134766,-7.088352680206299,-3.8942337036132812,-20.49015998840332,-5.509591102600098,-10.945918083190918,-5.352507591247559,-12.258368492126465,-10.082503318786621,-10.94206428527832,0.08785912298387097,2119.205617894603,0.10024739801883698,0
-262.092529296875,48.67915725708008,31.5438232421875,89.44356536865234,-5.4288434982299805,27.233625411987305,11.668999671936035,21.25150489807129,4.001497268676758,2.8193767070770264,8.808002471923828,6.3186516761779785,0.49329128861427307,0.15048963133640553,2721.303583886998,0.04927520081400871,0
-245.91281127929688,48.661312103271484,1.1926780939102173,102.13092041015625,9.997978210449219,16.686573028564453,4.4248948097229,26.221397399902344,8.736930847167969,3.63537335395813,1.9947184324264526,9.60489273071289,4.9452595710754395,0.13938262758875739,2562.7456310194507,0.049779243767261505,0
-251.46029663085938,43.646907806396484,14.835532188415527,92.63226318359375,7.0498046875,14.469682693481445,18.612709045410156,19.35696792602539,1.3426401615142822,4.429856777191162,5.868343353271484,8.13223648071289,-1.6878255605697632,0.14519729262672812,2727.3916030456044,0.04225020855665207,0
-95.39199829101562,103.89520263671875,4.476696014404297,33.764739990234375,-8.33698844909668,-5.833774089813232,-21.96141815185547,-3.8403968811035156,-8.626534461975098,-2.423692226409912,-10.98282527923584,-8.978507995605469,-8.61685562133789,0.09192754181338028,2105.0203898502004,0.09861838072538376,0
-110.66355895996094,106.39207458496094,-5.627331256866455,27.813587188720703,-9.647826194763184,-4.177831649780273,-20.613056182861328,-3.2733683586120605,-10.089425086975098,-4.415977954864502,-9.64942741394043,-6.219908237457275,-7.782285690307617,0.09654672828638497,2080.3320368311647,0.07914166897535324,0
-105.57463836669922,104.7337875366211,-5.190075397491455,27.401227951049805,-9.632701873779297,-2.5070033073425293,-18.52933120727539,-4.830702304840088,-12.74953842163086,-4.499318599700928,-8.377889633178711,-5.444101810455322,-7.325378894805908,0.10216778873847926,2136.5177473482363,0.08436718583106995,0
-113.74940490722656,110.41075134277344,-1.7577663660049438,28.944353103637695,-11.398530006408691,-0.5848217010498047,-15.503173828125,-1.5989433526992798,-9.774739265441895,-3.4573240280151367,-5.984806060791016,-5.817953586578369,-5.893571376800537,0.09627466157834101,2041.296824904493,0.08130795508623123,0
-251.313720703125,46.66730880737305,19.82982635498047,99.15058135986328,-6.48946475982666,25.04052734375,15.288456916809082,17.499465942382812,4.477070331573486,9.42460823059082,3.817509889602661,5.623652935028076,2.2367136478424072,0.13723628312211983,2673.62783524014,0.048034798353910446,0
-246.3360137939453,61.62212371826172,4.0394463539123535,82.54354858398438,18.614376068115234,19.85357093811035,8.94666862487793,14.72368049621582,13.544046401977539,5.511232852935791,3.4738576412200928,6.867176055908203,2.6637980937957764,0.09826603902649769,2207.5835382709133,0.048071980476379395,0
-184.1268310546875,94.49760437011719,-4.886375427246094,23.43356704711914,-6.026508331298828,-1.5347225666046143,-15.359431266784668,1.2938557863235474,-4.6883625984191895,-1.5704368352890015,-8.806558609008789,-3.3770570755004883,-1.468019723892212,0.07142857142857142,1557.9471337901969,0.0843796357512474,0
-123.36212921142578,110.33354187011719,-3.689988851547241,29.4677734375,-9.00155258178711,-3.286202907562256,-20.88271713256836,-4.4772047996521,-12.942612648010254,-6.3885064125061035,-10.421188354492188,-7.345358371734619,-8.948911666870117,0.08435564876152074,1980.6253103337863,0.08020893484354019,0
-140.5494384765625,123.84033966064453,-4.231470584869385,31.65945816040039,-8.845733642578125,-3.4713332653045654,-19.198978424072266,-0.657753586769104,-5.848049640655518,-2.9443845748901367,-9.668874740600586,-8.40689754486084,-5.540356159210205,0.07668940812211981,1736.6871043244062,0.07337556034326553,0
-267.5455017089844,65.62266540527344,24.83644676208496,84.3234634399414,3.1404178142547607,19.329540252685547,16.88747215270996,15.749425888061523,10.94952392578125,2.808577537536621,2.8962812423706055,12.427264213562012,-2.8056118488311768,0.09197688652073732,2138.782124148314,0.04985477030277252,0
-261.6374816894531,60.124881744384766,6.623447418212891,88.47552490234375,16.41822052001953,8.28040599822998,18.525222778320312,20.13372230529785,3.766993284225464,6.2345194816589355,3.4886457920074463,8.439835548400879,1.735671877861023,0.13352579565092165,2325.5065587385457,0.04611487314105034,0
-235.03829956054688,40.963462829589844,7.417555332183838,87.5825424194336,10.719819068908691,25.75577735900879,7.43312931060791,20.564815521240234,4.181198596954346,7.668208122253418,3.9601287841796875,9.376896858215332,1.0610650777816772,0.14050579518779344,2746.5195487619435,0.046061448752880096,0
-263.5141296386719,48.77924346923828,10.25950813293457,99.3237075805664,10.510894775390625,5.459752559661865,19.888763427734375,22.364896774291992,-0.9218732714653015,14.612309455871582,-1.439503788948059,5.634890556335449,5.857339382171631,0.14508830325704225,2512.3995961509086,0.04624830558896065,0
-115.49380493164062,109.56613159179688,-5.915565013885498,30.745494842529297,-8.336294174194336,-3.961099147796631,-19.12472915649414,-2.721956729888916,-12.255884170532227,-4.26416540145874,-8.836719512939453,-5.992088794708252,-7.5198073387146,0.0924937646713615,2002.534716903355,0.08123498409986496,0
-123.10205078125,121.31424713134766,-0.9851040244102478,34.7330207824707,-8.201960563659668,-2.537792205810547,-19.943151473999023,-0.7214198708534241,-4.481333255767822,-2.9858458042144775,-11.965354919433594,-8.506950378417969,-6.077815532684326,0.07436725950460829,1754.4645412593757,0.08816876262426376,0
-117.442138671875,141.92608642578125,-45.1754035949707,-2.494034767150879,-0.08790813386440277,21.62059783935547,1.5733298063278198,14.490367889404297,2.302698850631714,11.586688041687012,-3.1914584636688232,5.668798446655273,-4.344309329986572,0.09203088997695852,1612.3936526989794,0.08058387786149979,0
-89.18112182617188,146.5796356201172,-36.120391845703125,-7.081977844238281,-2.556898355484009,6.7687578201293945,3.040046453475952,6.487821578979492,1.531029462814331,8.135699272155762,-4.940587043762207,3.691020965576172,-7.5335693359375,0.08784337197580645,1569.1687465105265,0.10690855979919434,0
-82.83753204345703,130.29318237304688,-48.35280990600586,-12.829093933105469,3.436389446258545,13.866989135742188,6.3577117919921875,9.258232116699219,5.875509738922119,11.245222091674805,-7.630993366241455,5.825711727142334,-7.866565227508545,0.10858069916474654,1794.917438731157,0.10299266129732132,0
-280.1252746582031,72.63375854492188,24.515804290771484,74.44322967529297,15.13422966003418,16.383649826049805,16.031661987304688,14.681589126586914,11.027386665344238,3.8853635787963867,2.888894557952881,12.359674453735352,-1.1439143419265747,0.08813139040898617,1992.555694532701,0.046064913272857666,0
-245.7872314453125,49.38053512573242,14.821380615234375,94.84695434570312,7.509692668914795,17.569690704345703,9.161140441894531,26.623212814331055,6.7464518547058105,5.648890495300293,0.6323149800300598,10.807693481445312,1.91618013381958,0.11254995319700462,2504.152583064473,0.05078437179327011,0
-90.8619613647461,137.17108154296875,-40.98208236694336,-13.630838394165039,-0.27379533648490906,12.052933692932129,6.056882381439209,8.381549835205078,4.488509178161621,10.927613258361816,-4.482086181640625,4.975836753845215,-5.668982982635498,0.09819496405516431,1703.449841392042,0.10303891450166702,0
-116.87830352783203,145.8552703857422,-41.7185173034668,-4.164016246795654,0.27854475378990173,10.093782424926758,3.8694090843200684,5.743607997894287,1.8371057510375977,8.962331771850586,-3.2878355979919434,6.686737060546875,-5.225687503814697,0.08806943221830986,1565.104278014547,0.08542096614837646,0
-118.45115661621094,155.07188415527344,-54.97323989868164,-9.729803085327148,-1.920475959777832,12.153040885925293,5.628857135772705,8.752381324768066,3.8397903442382812,11.7443208694458,-4.902175426483154,2.0464675426483154,-10.880170822143555,0.0985923099078341,1509.4473168104346,0.08610009402036667,0
-82.49047088623047,132.52752685546875,-33.55564880371094,-12.132351875305176,1.1046017408370972,7.674966812133789,5.843893527984619,7.706360816955566,1.9839603900909424,9.869100570678711,-5.338528156280518,6.352511882781982,-6.710427761077881,0.09694070420506913,1779.7016175051147,0.10100173205137253,0
-126.60906982421875,114.52323150634766,-7.4000420570373535,29.884061813354492,-8.952933311462402,-5.776263236999512,-20.09511947631836,-4.217001914978027,-11.793188095092773,-3.250800609588623,-8.73503589630127,-5.9015679359436035,-8.5495023727417,0.08489472987288135,1909.7417808989198,0.0735202208161354,0
-81.93455505371094,141.03756713867188,-36.11418533325195,-8.081644058227539,1.6477596759796143,8.693774223327637,4.380451679229736,9.884065628051758,0.4762212634086609,10.433405876159668,-7.614067554473877,6.763537406921387,-8.048563003540039,0.09341247839861751,1675.8993332619416,0.1085258349776268,0
-118.64292907714844,146.50010681152344,-50.643001556396484,-8.50572681427002,-3.020524024963379,13.690765380859375,4.751749515533447,9.352054595947266,4.9275102615356445,14.697305679321289,-5.1867499351501465,3.732495069503784,-8.924812316894531,0.09799602174539171,1595.1021359682568,0.08341731876134872,0
-109.70938873291016,107.95653533935547,5.293255805969238,34.02994155883789,-6.544506549835205,-2.6140756607055664,-21.147136688232422,-3.360224485397339,-12.677921295166016,-6.891723155975342,-10.744226455688477,-10.278556823730469,-10.222883224487305,0.074437013968894,1938.688322609629,0.10014861822128296,0
-102.85751342773438,102.35601043701172,3.3595175743103027,31.652807235717773,-6.759803771972656,-4.0399298667907715,-21.248550415039062,-3.6373844146728516,-12.583821296691895,-6.993173122406006,-11.576255798339844,-9.886750221252441,-10.547739028930664,0.08722233222926268,2089.571453036706,0.09799039363861084,0
-98.645751953125,145.87338256835938,-41.38816452026367,-13.3180513381958,0.3106726109981537,13.714649200439453,1.422928810119629,9.84809684753418,1.5960224866867065,7.845855236053467,-4.523257732391357,2.640043020248413,-6.603033065795898,0.09816253240207373,1666.2216813338825,0.0993562862277031,0
-108.43004608154297,146.2405548095703,-36.03410339355469,-7.305201053619385,-5.82507848739624,8.805039405822754,1.1807891130447388,5.067933559417725,0.9652076959609985,10.325702667236328,-5.405871868133545,6.097208499908447,-7.8994975090026855,0.0868060555875576,1561.8640508931733,0.09166405349969864,0
-109.83979797363281,134.5299072265625,-58.32229232788086,-5.385256767272949,3.630913019180298,13.494962692260742,3.4487383365631104,7.9536590576171875,0.19265106320381165,9.972373962402344,-8.62429141998291,5.080009937286377,-7.630159854888916,0.1130769337322695,1764.4365881516335,0.07845018804073334,0
-125.90753173828125,145.85755920410156,-42.871177673339844,-5.2871012687683105,0.26235291361808777,11.328540802001953,1.8901101350784302,8.033990859985352,4.279983043670654,10.692967414855957,-3.4917778968811035,3.762662649154663,-6.798129081726074,0.08845766129032258,1492.3847054589216,0.08862797170877457,0
-58.980892181396484,93.21061706542969,-8.85737419128418,-0.7890593409538269,-20.966100692749023,-9.661439895629883,-15.831849098205566,-9.1388578414917,-13.150269508361816,-5.462443828582764,-11.582259178161621,-4.677460193634033,-8.916767120361328,0.11659346198156682,2468.455602745923,0.09583178907632828,0
-63.37968063354492,84.36373138427734,-9.229456901550293,5.068653583526611,-19.960533142089844,-10.306814193725586,-16.341651916503906,-8.509847640991211,-13.472061157226562,-6.681738376617432,-11.577098846435547,-3.9849066734313965,-8.288165092468262,0.1325267317108295,2662.7449674797435,0.08453428745269775,0
-213.21046447753906,41.63317108154297,33.35686111450195,9.351631164550781,45.470245361328125,-10.376559257507324,13.8993501663208,16.166658401489258,6.563265800476074,-3.410111665725708,7.065998554229736,21.89081382751465,-9.350630760192871,0.09985466182511737,4483.061248531905,0.08488672226667404,0
-321.3162536621094,89.40602111816406,48.0783805847168,41.262901306152344,21.294933319091797,26.672473907470703,17.737977981567383,16.933115005493164,4.930262088775635,7.48713493347168,3.4707143306732178,8.280473709106445,1.2927485704421997,0.024691442928403758,1670.821273298609,0.034920986741781235,0
-296.14569091796875,74.64028930664062,47.90520477294922,43.845401763916016,18.858963012695312,21.37938690185547,15.876520156860352,18.88589096069336,7.487532615661621,8.906702995300293,3.971980333328247,9.746091842651367,1.4888924360275269,0.03098178917253521,2109.3438181660954,0.036524202674627304,0
-292.2931213378906,69.51786041259766,42.28270721435547,43.6790657043457,20.925628662109375,21.040390014648438,16.73040199279785,19.738523483276367,6.313082695007324,6.834676265716553,3.3079164028167725,8.434422492980957,2.73553466796875,0.03568953413018433,2310.852394780536,0.03362381458282471,0
-68.38347625732422,110.10566711425781,-33.36271286010742,-0.45556727051734924,-5.1781229972839355,-3.838378429412842,-9.851226806640625,-5.0349602699279785,-9.465126037597656,-3.85463809967041,-8.056334495544434,-3.800769329071045,-4.3017754554748535,0.11607142857142858,2114.348209135489,0.08955959975719452,0
-325.99005126953125,86.66873931884766,47.516807556152344,40.365108489990234,21.298412322998047,24.355241775512695,17.627052307128906,19.231443405151367,6.317782878875732,7.716334819793701,2.1848225593566895,9.478031158447266,0.4470570683479309,0.025815902217741934,1756.2972979532783,0.03115035593509674,0
-67.25090026855469,109.77485656738281,-32.867061614990234,0.2384573221206665,-4.97938871383667,-4.247095108032227,-9.864012718200684,-4.575277805328369,-8.437556266784668,-3.1565468311309814,-7.612100124359131,-2.802503824234009,-3.5054430961608887,0.11609843029953917,2119.006793329032,0.0905335545539856,0
-35.867130279541016,86.27241516113281,-10.4521484375,2.0674362182617188,-23.229042053222656,-10.327600479125977,-15.17209529876709,-7.003844261169434,-12.883716583251953,-5.672302722930908,-10.665472030639648,-3.416374921798706,-9.283422470092773,0.1293157762096774,2630.464278211946,0.11158652603626251,0
-66.63336944580078,84.15410614013672,-7.413776874542236,7.19523811340332,-14.83553695678711,-6.715425491333008,-13.810450553894043,-7.584645748138428,-11.135126113891602,-2.082237482070923,-8.165218353271484,-1.1176413297653198,-7.091840744018555,0.13815434187788017,2719.724850901641,0.0778629258275032,0
-213.6328887939453,41.757896423339844,36.79145812988281,12.426432609558105,44.894737243652344,-12.871624946594238,13.046555519104004,18.086698532104492,8.63149356842041,-2.716496467590332,5.429877758026123,20.53030776977539,-8.908058166503906,0.09529134864631336,4471.761883311778,0.08891642838716507,0
-221.3637237548828,63.496360778808594,11.026602745056152,34.39762878417969,28.726449966430664,0.47716477513313293,4.510314464569092,24.0194091796875,6.912097930908203,-4.5908379554748535,9.092498779296875,17.51822280883789,-3.6950416564941406,0.054293724798387094,2425.5679825992834,0.07537557929754257,0
-68.76448822021484,109.56128692626953,-30.390954971313477,1.0204824209213257,-4.260276794433594,-4.520057201385498,-10.078969955444336,-2.957555055618286,-9.329741477966309,-3.6867353916168213,-7.98637056350708,-3.3618149757385254,-2.9115965366363525,0.1135723848298122,2132.199479522357,0.08937817811965942,0
-299.8425598144531,75.38307189941406,43.80397033691406,43.27009963989258,20.741355895996094,24.810400009155273,17.163862228393555,18.77318572998047,5.77115535736084,8.343969345092773,4.1586809158325195,8.626136779785156,1.3458812236785889,0.029773905529953917,2088.9942096225764,0.03635383024811745,0
-309.4225158691406,77.91156768798828,46.04719161987305,44.131404876708984,23.348974227905273,24.05575942993164,18.281736373901367,18.28192138671875,5.651117324829102,8.066914558410645,5.686208248138428,9.239775657653809,1.840853214263916,0.026639454925115207,1909.7717655922152,0.03714991733431816,0
-295.8169250488281,65.79309844970703,45.68858337402344,47.39338684082031,20.563718795776367,21.769332885742188,16.778423309326172,19.288494110107422,4.370296001434326,7.457003116607666,5.689881324768066,10.224285125732422,2.6329586505889893,0.03386916762672811,2342.0156523749442,0.03331843018531799,0
-312.1583251953125,79.39764404296875,50.2706413269043,43.624935150146484,21.022397994995117,25.105846405029297,20.050661087036133,20.10198974609375,6.159366607666016,8.020530700683594,3.936561107635498,8.861268997192383,0.6739335060119629,0.02585865495391705,1893.5726193102494,0.037666697055101395,0
-66.69691467285156,109.73516845703125,-31.892154693603516,0.8546685576438904,-5.133237361907959,-3.1147825717926025,-8.408919334411621,-3.875333070755005,-9.019237518310547,-2.1285171508789062,-8.051249504089355,-3.8015189170837402,-3.8082003593444824,0.11373577908986175,2113.906206453713,0.09293580055236816,0
-218.38995361328125,62.94513702392578,14.432968139648438,32.663509368896484,31.977638244628906,-0.7444551587104797,3.941960573196411,23.749103546142578,6.786078929901123,-5.037585735321045,8.883605003356934,18.24525260925293,-4.818725109100342,0.05683413738479263,2585.0686702658236,0.0770653635263443,0
-207.40939331054688,49.471431732177734,37.759342193603516,13.512655258178711,42.23406982421875,-11.411303520202637,11.493513107299805,18.353107452392578,8.132760047912598,-3.6549103260040283,3.4495596885681152,17.239322662353516,-9.735271453857422,0.08979424683179724,4203.313076740049,0.08618549257516861,0
-97.23300170898438,92.19966888427734,-6.090124130249023,1.2985657453536987,-19.020193099975586,-10.806108474731445,-15.043844223022461,-11.598984718322754,-13.615263938903809,-5.768868923187256,-10.111600875854492,-3.9218590259552,-7.023498058319092,0.11429907570422536,2491.767306469405,0.06606778502464294,0
-40.61207962036133,90.97085571289062,-13.01618480682373,-1.5315260887145996,-23.404508590698242,-8.266016960144043,-12.74915885925293,-5.13255500793457,-12.743000984191895,-6.087085247039795,-11.847445487976074,-2.0682332515716553,-6.09042501449585,0.12514900601525822,2529.181674185321,0.10883232951164246,0
-1131.3709716796875,0.0,0.0,0.0,0.0,0.0,0.0,0.0,0.0,0.0,0.0,0.0,0.0,0.0,0.0,0.0,0
-39.33869934082031,89.73421478271484,-11.657575607299805,-1.5843446254730225,-22.929826736450195,-8.508797645568848,-13.271844863891602,-5.258170127868652,-12.908777236938477,-5.911449432373047,-11.799551963806152,-1.9623171091079712,-6.559829235076904,0.12575154809907835,2565.118134289788,0.1097884476184845,0
-211.81951904296875,43.3288688659668,31.542551040649414,12.558633804321289,42.84883499145508,-10.742012023925781,12.627492904663086,18.696701049804688,8.238442420959473,-1.949999213218689,5.255792617797852,19.52600860595703,-9.740052223205566,0.09456905241935484,4229.798491750179,0.09262777864933014,0
-208.69053649902344,47.634944915771484,41.977779388427734,11.489415168762207,46.142372131347656,-11.174936294555664,13.045790672302246,15.302719116210938,6.304504871368408,-4.973304748535156,3.8904027938842773,18.809612274169922,-10.045205116271973,0.10513514169254658,4548.1813519088955,0.07757050544023514,0
-315.70428466796875,93.63630676269531,49.146209716796875,40.1170768737793,20.559228897094727,24.468461990356445,16.876293182373047,16.679288864135742,5.251492500305176,6.872871398925781,2.75848388671875,7.132053852081299,0.6223182678222656,0.024560776115023473,1599.3341698289314,0.036107853055000305,0
-68.77193450927734,111.08519744873047,-33.116432189941406,-0.7847210168838501,-3.5852348804473877,-3.6452693939208984,-8.420889854431152,-3.824383497238159,-9.393604278564453,-3.7919423580169678,-8.830702781677246,-3.2041454315185547,-3.4795877933502197,0.11302248343894009,2092.067440500252,0.09059514105319977,0
-317.9848937988281,77.975830078125,46.83536148071289,42.55839538574219,21.944074630737305,24.44668960571289,17.291166305541992,17.898441314697266,5.251326560974121,8.258020401000977,4.095597267150879,9.702588081359863,2.413090944290161,0.02920461909562212,1963.7649958226245,0.03198922052979469,0
-314.1379699707031,77.44628143310547,45.30671310424805,42.1112060546875,21.521060943603516,25.250009536743164,16.67272186279297,18.680679321289062,5.45577335357666,7.5062761306762695,2.6750717163085938,9.213033676147461,1.2619731426239014,0.030426447292626727,2022.4535576384794,0.03128889575600624,0
-212.83660888671875,44.75432205200195,39.36795425415039,13.781258583068848,46.224369049072266,-10.685115814208984,12.358325958251953,17.177650451660156,6.492584228515625,-5.713918209075928,3.8474204540252686,18.545530319213867,-9.20659065246582,0.09658068116359447,4355.700521671498,0.09031376987695694,0
-212.51382446289062,42.87632751464844,30.875200271606445,12.145597457885742,41.58131408691406,-11.284647941589355,13.067512512207031,19.661357879638672,8.95337963104248,-2.5467143058776855,5.016066074371338,18.765501022338867,-8.780168533325195,0.08919795866935484,4198.541904663465,0.09399449080228806,0
-36.79876708984375,86.3176040649414,-10.123434066772461,1.5827654600143433,-22.66107940673828,-10.120013236999512,-15.511225700378418,-6.963773250579834,-13.14466667175293,-5.561686038970947,-10.649723052978516,-3.8096823692321777,-9.710494041442871,0.13141066028225806,2634.334675552139,0.11062788218259811,0
-54.76504135131836,91.49515533447266,-7.641404628753662,-1.2397515773773193,-21.417306900024414,-8.093741416931152,-12.919589042663574,-6.5248847007751465,-13.477334976196289,-6.866281986236572,-11.825337409973145,-2.1496896743774414,-7.313575744628906,0.12365216373847926,2542.428295579759,0.09644011408090591,0
-328.7207946777344,64.68633270263672,-3.182380437850952,-2.9135491847991943,-13.478353500366211,-5.979557514190674,-9.81369686126709,-4.846039295196533,-8.363736152648926,-3.0473978519439697,-6.83583927154541,-2.339632511138916,-4.464387893676758,0.06388158842165899,1453.218719072767,0.04901076480746269,0
-411.9866027832031,68.10736083984375,39.889381408691406,34.19499969482422,15.851361274719238,20.146419525146484,16.19318199157715,14.851948738098145,4.892942428588867,6.609017372131348,3.136444330215454,8.229613304138184,0.49988818168640137,0.020946590581797236,1364.4329616983885,0.026297956705093384,0
-68.75164031982422,109.67057800292969,-31.851537704467773,2.0188894271850586,-4.114904880523682,-3.3503828048706055,-7.8088507652282715,-3.393829107284546,-7.986234664916992,-2.5087332725524902,-6.896233081817627,-2.2658679485321045,-2.9326088428497314,0.11336900561635944,2115.178163256494,0.08941715210676193,0
-319.6353759765625,81.77459716796875,47.54432678222656,41.85160827636719,20.803855895996094,22.83989715576172,17.188993453979492,17.579347610473633,5.29385232925415,8.075932502746582,2.9361588954925537,9.620373725891113,2.254086494445801,0.028090797811059907,1910.4645725281005,0.03094565123319626,0
-69.17761993408203,108.5134506225586,-31.92743682861328,2.4582910537719727,-4.4957075119018555,-3.3960466384887695,-9.862889289855957,-3.4376986026763916,-8.544208526611328,-4.116302013397217,-8.24084186553955,-3.684952735900879,-2.721750020980835,0.11646970406105991,2150.576673550689,0.08690045773983002,0
-70.5182876586914,109.83525085449219,-32.00627136230469,0.18756775557994843,-4.010802268981934,-2.7132630348205566,-8.801042556762695,-4.7498459815979,-9.995072364807129,-4.079222679138184,-8.599276542663574,-4.049386024475098,-3.1485483646392822,0.11494860671082949,2121.7146396080198,0.08808886259794235,0
-326.56170654296875,79.91535949707031,49.7445182800293,43.32860565185547,21.61829948425293,24.90485191345215,20.622655868530273,20.600318908691406,5.504059791564941,8.166969299316406,3.260202169418335,9.399750709533691,1.260728120803833,0.026094920074884793,1858.8602215957342,0.03295375034213066,0
-68.12407684326172,107.2751693725586,-32.79767608642578,-0.42391666769981384,-4.639651775360107,-4.792122840881348,-9.68150806427002,-4.551933288574219,-8.668993949890137,-3.9781742095947266,-8.882741928100586,-2.5066487789154053,-3.744710922241211,0.11720775129608295,2179.4883210614817,0.08758114278316498,0
-56.3741455078125,92.62678527832031,-9.961934089660645,0.013957889750599861,-20.705591201782227,-9.063516616821289,-16.11277198791504,-9.173431396484375,-12.8421049118042,-5.913993835449219,-11.493440628051758,-4.969231128692627,-9.190793991088867,0.11840257776497695,2474.641262230001,0.09692857414484024,0
-63.27002716064453,83.80142211914062,-8.962423324584961,4.711164951324463,-20.185808181762695,-10.449766159057617,-16.378305435180664,-8.418208122253418,-13.578856468200684,-6.734250068664551,-11.66002082824707,-4.075209617614746,-8.11467170715332,0.1328629328051643,2679.4054277733135,0.084180548787117,0
